customer_id,first_name,last_name,email,gender,address,country,language,job,credit_type,credit_no
1,Spencer,Raffeorty,sraffeorty0@dropbox.com,Male,9274 Lyons Court,China,Khmer,Safety Technician III,jcb,3589373385487669
2,Cherye,Poynor,cpoynor1@51.la,Female,1377 Anzinger Avenue,China,Czech,Research Nurse,instapayment,6376594861844533
3,Natasha,Abendroth,nabendroth2@scribd.com,Female,2913 Evergreen Lane,China,Yiddish,Budget/Accounting Analyst IV,visa,4041591905616356
4,Huntley,Seally,hseally3@prlog.org,Male,694 Del Sol Lane,China,Albanian,Environmental Specialist,laser,677118310740263477
5,Druci,Coad,dcoad4@weibo.com,Female,16 Debs Way,China,Hebrew,Teacher,jcb,3537287259845047
6,Sayer,Brizell,sbrizell5@opensource.org,Male,71 Banding Terrace,China,Maltese,Accountant IV,americanexpress,379709885387687
7,Becca,Brawley,bbrawley6@sitemeter.com,Female,7 Doe Crossing Junction,China,Czech,Payment Adjustment Coordinator,jcb,3545377719922245
8,Michele,Bastable,mbastable7@sun.com,Female,98 Clyde Gallagher Pass,China,Malayalam,Tax Accountant,jcb,3588131787131504
9,Marla,Brotherhood,mbrotherhood8@illinois.edu,Female,4538 Fair Oaks Trail,China,Dari,Design Engineer,china-unionpay,5602233845197745479
10,Lionello,Gogarty,lgogarty9@histats.com,Male,800 Sage Alley,China,Danish,Clinical Specialist,diners-club-carte-blanche,30290846607043
11,Camile,Ringer,cringera@army.mil,Female,5060 Fairfield Alley,China,Punjabi,Junior Executive,china-unionpay,5602213490649878
12,Gillan,Banbridge,gbanbridgeb@wikipedia.org,Female,91030 Havey Point,China,Kurdish,Chemical Engineer,jcb,3555948058752802
13,Guinna,Damsell,gdamsellc@spiegel.de,Female,869 Ohio Park,China,Fijian,Analyst Programmer,jcb,3532009465228502
14,Octavia,McDugal,omcdugald@rambler.ru,Female,413 Forster Center,China,English,Desktop Support Technician,maestro,502017593120304035
15,Anjanette,Penk,apenke@lulu.com,Female,8154 Schiller Road,China,Swedish,VP Sales,jcb,3548039055836788
16,Maura,Teesdale,mteesdalef@globo.com,Female,9568 Quincy Alley,China,Dutch,Dental Hygienist,jcb,3582894252458217
17,Chastity,Neylon,cneylong@wix.com,Female,11952 Northwestern Lane,China,Gujarati,Geologist I,jcb,3543175912062815
18,Ralph,Coils,rcoilsh@artisteer.com,Male,5070 Hooker Pass,China,Khmer,Speech Pathologist,mastercard,5505793587233411
19,Jehanna,Whybrow,jwhybrowi@wp.com,Female,83 Maywood Way,China,Fijian,Assistant Professor,visa-electron,4844573385548639
20,Ingeberg,Sutehall,isutehallj@feedburner.com,Female,272 Butternut Drive,China,Kazakh,Assistant Manager,visa-electron,4405834987224230
21,Mikaela,Frensch,mfrenschk@tiny.cc,Female,2 Packers Avenue,China,Ndebele,Systems Administrator I,diners-club-enroute,201918169737376
22,Gladys,Rowatt,growattl@prlog.org,Female,0068 Towne Way,China,English,Environmental Specialist,jcb,3569558764931261
23,Marguerite,Schimoni,mschimonim@nymag.com,Female,0974 Valley Edge Circle,China,Malay,Web Designer III,jcb,3533933094642362
24,Cordy,Herety,cheretyn@howstuffworks.com,Female,805 Kenwood Trail,United States,Luxembourgish,Engineer I,jcb,3542782485941969
25,Erie,Gilleson,egillesono@php.net,Male,7709 Eastlawn Point,United States,Chinese,Paralegal,diners-club-carte-blanche,30279733685261
26,Hermina,Adacot,hadacotp@canalblog.com,Female,763 Bartillon Junction,China,West Frisian,Nuclear Power Engineer,jcb,3578337105644597
27,Biddy,Bocke,bbockeq@adobe.com,Female,17 Morning Plaza,China,Khmer,Help Desk Technician,laser,63041730254858476
28,Tonie,McLeese,tmcleeser@networkadvertising.org,Female,50 Muir Park,China,Malayalam,Financial Analyst,china-unionpay,56022217824311605
29,Sonni,Tommasuzzi,stommasuzzis@taobao.com,Female,447 Vernon Way,China,Montenegrin,Recruiting Manager,diners-club-enroute,201619787085947
30,Saunderson,Casebourne,scasebournet@gov.uk,Male,00357 Steensland Center,China,Georgian,VP Quality Control,jcb,3571147392063576
31,Ranna,Jeandet,rjeandetu@vkontakte.ru,Female,3 Meadow Vale Road,China,Gagauz,Budget/Accounting Analyst I,mastercard,5100177532205915
32,Philomena,Toppin,ptoppinv@cnn.com,Female,17828 Sunbrook Circle,Canada,Kannada,Junior Executive,mastercard,5499543479397404
33,Nanette,Spinney,nspinneyw@yellowpages.com,Female,861 Monica Place,China,Guaraní,Nurse,maestro,63047431335258992
34,Rowland,Boyn,rboynx@homestead.com,Male,9 Village Green Place,China,Dzongkha,Data Coordiator,laser,67719013828718340
35,Sigismund,Seage,sseagey@php.net,Male,93551 North Trail,China,Montenegrin,VP Accounting,visa-electron,4175001526289177
36,Idaline,Byforth,ibyforthz@xinhuanet.com,Female,94 Delaware Alley,China,Dhivehi,Teacher,jcb,3539328315103092
37,Marjory,Rahl,mrahl10@alexa.com,Female,8300 Shoshone Alley,China,Dhivehi,Office Assistant II,visa-electron,4175009435486016
38,Dev,Kopfen,dkopfen11@yandex.ru,Male,79 Shopko Plaza,China,West Frisian,Office Assistant I,jcb,3559878450717838
39,Caralie,Looby,clooby12@craigslist.org,Female,73110 Dryden Alley,China,Dzongkha,Chief Design Engineer,instapayment,6370350282959723
40,Kelby,Drewell,kdrewell13@csmonitor.com,Male,3 Rieder Park,United States,Latvian,Programmer III,jcb,3554753095617781
41,Alverta,Rubinsohn,arubinsohn14@ask.com,Female,89 Esch Avenue,China,Croatian,Engineer III,mastercard,5418934159559561
42,Arel,Klainman,aklainman15@ucsd.edu,Male,243 Mariners Cove Circle,China,Belarusian,Civil Engineer,americanexpress,372301895994293
43,Raviv,Marriner,rmarriner16@sfgate.com,Male,396 Cody Junction,China,Hebrew,Accounting Assistant II,diners-club-us-ca,5576281320882532
44,Jermayne,Tooby,jtooby17@zdnet.com,Male,60 Anniversary Terrace,China,Croatian,Database Administrator IV,jcb,3574197251618991
45,Rea,Nichols,rnichols18@hostgator.com,Female,381 Bluejay Center,China,Hebrew,Computer Systems Analyst IV,jcb,3543203021468283
46,Jehu,Ashurst,jashurst19@sbwire.com,Male,7 Sherman Plaza,China,Assamese,Software Test Engineer I,jcb,3579391258452554
47,Allistir,Imloch,aimloch1a@adobe.com,Male,6120 Chive Drive,China,Bulgarian,Graphic Designer,mastercard,5273288057987158
48,Ashton,Battleson,abattleson1b@cpanel.net,Male,23 Esch Terrace,China,Hiri Motu,Nuclear Power Engineer,mastercard,5100149716864858
49,Isabel,Castelin,icastelin1c@miitbeian.gov.cn,Female,56657 Meadow Ridge Circle,China,Filipino,VP Marketing,maestro,50204741822984488
50,Car,Hufton,chufton1d@yelp.com,Male,8 Charing Cross Court,China,Telugu,Legal Assistant,mastercard,5010122167575330
51,Alvera,Cryer,acryer1e@woothemes.com,Female,41 Bashford Alley,China,Dzongkha,Tax Accountant,jcb,3568181506526702
52,Lori,Moizer,lmoizer1f@cbc.ca,Female,03130 Calypso Lane,China,Somali,Account Representative IV,jcb,3550042769876673
53,Viola,Firmage,vfirmage1g@cisco.com,Female,4734 Steensland Court,Canada,Swedish,Chemical Engineer,jcb,3581757524941826
54,Warde,Flukes,wflukes1h@abc.net.au,Male,043 Lyons Crossing,China,Danish,Recruiter,switch,490358498499191853
55,Noam,Bockett,nbockett1i@cafepress.com,Male,809 Eagle Crest Hill,China,Quechua,Dental Hygienist,jcb,3585244476518015
56,Leora,Cooch,lcooch1j@infoseek.co.jp,Female,4201 Elka Road,China,Kashmiri,VP Accounting,jcb,3535934318507421
57,Joane,Peyton,jpeyton1k@prweb.com,Female,7 Browning Plaza,United States,Dzongkha,Nurse Practicioner,jcb,3546743763718087
58,Adey,Gyrgorcewicx,agyrgorcewicx1l@economist.com,Female,51575 Washington Plaza,China,Indonesian,Media Manager I,jcb,3532505704749455
59,Alexio,Strickett,astrickett1m@theglobeandmail.com,Male,71 Schurz Street,United States,Arabic,Environmental Specialist,maestro,6762706305045111
60,Lamond,Killeley,lkilleley1n@blinklist.com,Male,6 Nancy Place,China,German,Design Engineer,diners-club-enroute,201812797438129
61,Mommy,Halleday,mhalleday1o@google.com.hk,Female,32 Sunbrook Park,United States,Mongolian,Administrative Assistant IV,jcb,3529167087919000
62,Vick,Marcinkus,vmarcinkus1p@lycos.com,Male,0 Blackbird Hill,China,Greek,Graphic Designer,jcb,3547678339240860
63,Casey,Kinane,ckinane1q@omniture.com,Female,33 Acker Crossing,China,Bosnian,Food Chemist,jcb,3551631916358392
64,Aimil,Missen,amissen1r@engadget.com,Female,311 Loomis Court,China,Zulu,Geologist IV,jcb,3537059569610779
65,Dukey,Creffeild,dcreffeild1s@biglobe.ne.jp,Male,4047 Orin Street,China,Malay,Programmer IV,switch,490553532339128486
66,Carine,Brandsen,cbrandsen1t@gizmodo.com,Female,3 Schurz Avenue,China,West Frisian,Account Executive,jcb,3581328209827688
67,Reeba,Beggs,rbeggs1u@angelfire.com,Female,0 Green Road,United States,Japanese,Accountant II,mastercard,5100149113561610
68,Gracia,Sandey,gsandey1v@businessweek.com,Female,82 Bowman Avenue,China,Czech,Automation Specialist II,mastercard,5422738095629576
69,Ambros,Bovingdon,abovingdon1w@foxnews.com,Male,3 Ohio Avenue,United States,Malay,Administrative Assistant I,mastercard,5374371394790531
70,Lissy,Buy,lbuy1x@slideshare.net,Female,8 Reindahl Hill,China,Pashto,Actuary,maestro,6761780996059583340
71,Vanny,Watman,vwatman1y@slate.com,Female,0 South Lane,China,Tsonga,Engineer II,jcb,3548516606178943
72,Brooks,Cherm,bcherm1z@marriott.com,Male,394 Memorial Junction,China,New Zealand Sign Language,Programmer Analyst II,diners-club-carte-blanche,30025214279607
73,Alexandr,Giscken,agiscken20@telegraph.co.uk,Male,77 Kingsford Place,China,Greek,Marketing Manager,jcb,3545754340505955
74,Fae,Adger,fadger21@tripadvisor.com,Female,078 Heffernan Road,China,Arabic,Research Nurse,jcb,3566904771183061
75,Ingrim,Tanswill,itanswill22@cmu.edu,Male,73094 Thierer Road,China,Amharic,Physical Therapy Assistant,diners-club-enroute,201588478843049
76,Giustina,Corsor,gcorsor23@blog.com,Female,24005 Westend Road,China,Malay,Structural Analysis Engineer,jcb,3554931063139950
77,Lotta,Goburn,lgoburn24@123-reg.co.uk,Female,43752 Oneill Circle,China,Punjabi,Web Designer II,visa-electron,4026815669590278
78,Raphaela,Bottoms,rbottoms25@dropbox.com,Female,9266 Springview Alley,China,Luxembourgish,Marketing Manager,jcb,3582657244288772
79,Guss,Patroni,gpatroni26@shareasale.com,Male,30 Elka Lane,China,Persian,Structural Analysis Engineer,switch,4911842535114185979
80,Camilla,Dudenie,cdudenie27@businessinsider.com,Female,920 Starling Avenue,China,Azeri,Clinical Specialist,mastercard,5108750223033861
81,Kim,Phelipeaux,kphelipeaux28@samsung.com,Male,585 Straubel Plaza,China,Belarusian,Registered Nurse,visa-electron,4405762510192766
82,Maurene,Helliar,mhelliar29@disqus.com,Female,61079 Northwestern Alley,United States,New Zealand Sign Language,Legal Assistant,switch,4936740858969489043
83,Shae,Kelby,skelby2a@economist.com,Male,25904 Village Green Hill,China,Papiamento,Chemical Engineer,maestro,6763156032692786
84,Jewel,Murrum,jmurrum2b@woothemes.com,Female,43 Larry Pass,China,Arabic,Business Systems Development Analyst,solo,6767558546405256161
85,Kelwin,Massimo,kmassimo2c@theglobeandmail.com,Male,2437 Vera Avenue,China,Tajik,Web Developer I,bankcard,5602226403852645
86,Zachariah,Nottle,znottle2d@google.com,Male,6 Forest Avenue,China,Tetum,Mechanical Systems Engineer,maestro,6304878169278297
87,Cassandre,Kerry,ckerry2e@google.es,Female,643 Hanson Parkway,China,Belarusian,Web Developer III,jcb,3583129865837450
88,Skyler,Browse,sbrowse2f@house.gov,Male,807 Sachtjen Way,China,Croatian,Mechanical Systems Engineer,bankcard,5602238837003497
89,Gare,Wilcock,gwilcock2g@addthis.com,Male,50 Lukken Road,China,Italian,Data Coordiator,jcb,3530183616831621
90,Francois,Bream,fbream2h@imgur.com,Male,8289 Kinsman Drive,China,Italian,Legal Assistant,mastercard,5048376668433722
91,Marnia,Fackrell,mfackrell2i@washington.edu,Female,88 Artisan Way,China,Assamese,Senior Quality Engineer,visa-electron,4026883396888381
92,Court,Potzold,cpotzold2j@forbes.com,Male,28771 Packers Trail,China,Telugu,Research Nurse,china-unionpay,5602222568257201679
93,Farrell,Bon,fbon2k@bing.com,Male,7555 Meadow Vale Plaza,China,Bislama,Statistician I,mastercard,5100145282945766
94,Toni,Keating,tkeating2l@shutterfly.com,Female,07 Green Hill,China,Greek,Payment Adjustment Coordinator,mastercard,5547081498741163
95,Christie,Adair,cadair2m@noaa.gov,Male,7525 Bluejay Trail,China,Swati,Executive Secretary,jcb,3571595885233959
96,Cammi,Searston,csearston2n@vk.com,Female,44 Lighthouse Bay Street,China,Kannada,Senior Cost Accountant,jcb,3555606695421070
97,Lory,Yarker,lyarker2o@istockphoto.com,Female,32312 Garrison Road,China,Polish,Software Test Engineer III,jcb,3579351789230960
98,Killie,Stubbin,kstubbin2p@latimes.com,Male,13 Sherman Park,China,Lao,Help Desk Operator,diners-club-us-ca,5550738398407245
99,Zack,Martello,zmartello2q@nih.gov,Male,819 Katie Park,China,Haitian Creole,Pharmacist,bankcard,5602247932221235
100,Allen,De Benedetti,adebenedetti2r@comsenz.com,Male,79917 Debra Pass,China,Indonesian,Web Designer IV,jcb,3545474543601234
101,Justin,Watkiss,jwatkiss2s@ft.com,Male,45 Stang Avenue,United States,Zulu,Structural Analysis Engineer,bankcard,5602235539883374
102,Harold,Thirsk,hthirsk2t@ebay.com,Male,8 Parkside Alley,China,Tswana,Media Manager I,diners-club-carte-blanche,30263344361744
103,Derek,Davidsohn,ddavidsohn2u@desdev.cn,Male,6 La Follette Hill,China,Bosnian,Automation Specialist I,jcb,3583759830214516
104,Butch,Rolling,brolling2v@newsvine.com,Male,6218 Spenser Circle,China,Bengali,Administrative Assistant II,diners-club-us-ca,5573742592682127
105,Jeniffer,Jencey,jjencey2w@vimeo.com,Female,22422 Monterey Road,United States,Kashmiri,Registered Nurse,china-unionpay,560221265060451502
106,Ferris,Brashier,fbrashier2x@domainmarket.com,Male,5739 Delladonna Plaza,China,Armenian,Technical Writer,diners-club-enroute,201516985735663
107,Ban,Exeter,bexeter2y@bbb.org,Male,2695 Waywood Street,China,Romanian,Pharmacist,jcb,3542660897699120
108,Muffin,Pengelley,mpengelley2z@webmd.com,Male,67 John Wall Pass,China,Swahili,Structural Analysis Engineer,bankcard,5602256438433384
109,Winne,Denzey,wdenzey30@surveymonkey.com,Female,29347 Grim Terrace,China,Latvian,Financial Analyst,mastercard,5007661542276739
110,Tremaine,Zeplin,tzeplin31@admin.ch,Male,7961 Loomis Terrace,China,Kazakh,Graphic Designer,jcb,3528857381026491
111,Sabrina,Ashmole,sashmole32@go.com,Female,99 Hoepker Road,China,Nepali,Software Test Engineer III,visa,4041590746558
112,Maude,McElhinney,mmcelhinney33@wix.com,Female,56281 Grim Road,China,Spanish,VP Sales,jcb,3533529894802097
113,Licha,Dudbridge,ldudbridge34@cbslocal.com,Female,78 Tennessee Alley,China,Armenian,Senior Sales Associate,china-unionpay,5602253224262220096
114,Fabe,Bramhall,fbramhall35@princeton.edu,Male,043 Merry Crossing,China,New Zealand Sign Language,Engineer IV,mastercard,5277253556901643
115,Garth,Eastes,geastes36@51.la,Male,653 Nevada Center,China,Croatian,Staff Scientist,jcb,3568202245479647
116,Mellisent,Notley,mnotley37@twitter.com,Female,4 Kim Park,China,Sotho,Assistant Manager,bankcard,5602229092565601
117,Stephana,Menis,smenis38@timesonline.co.uk,Female,29 Evergreen Circle,China,Sotho,Health Coach II,bankcard,5602226296654322
118,Bax,Grishaev,bgrishaev39@sciencedirect.com,Male,17969 Bashford Crossing,China,Korean,Paralegal,laser,6304307047752158
119,Merla,Tulloch,mtulloch3a@rediff.com,Female,51375 Northview Lane,China,German,Associate Professor,diners-club-enroute,201829662995181
120,Hanan,Sames,hsames3b@spotify.com,Male,1743 Forest Run Drive,China,Japanese,Teacher,jcb,3540005833860646
121,Ines,Marshallsay,imarshallsay3c@state.tx.us,Female,5177 Melody Crossing,China,Bengali,Software Engineer II,jcb,3557329049671195
122,Purcell,Uzielli,puzielli3d@elegantthemes.com,Male,2 Southridge Lane,China,Papiamento,Help Desk Operator,jcb,3552353860857753
123,Libbi,Durbin,ldurbin3e@mtv.com,Female,582 John Wall Lane,China,Khmer,VP Sales,visa-electron,4917595741600186
124,Hattie,Emons,hemons3f@nbcnews.com,Female,07 Mcguire Court,China,Burmese,General Manager,jcb,3566185400899471
125,Berget,Arro,barro3g@acquirethisname.com,Female,2849 Bowman Pass,China,Catalan,Pharmacist,mastercard,5173025631647432
126,Steffen,Bakewell,sbakewell3h@reverbnation.com,Male,5821 Iowa Point,China,Kazakh,Automation Specialist I,jcb,3550515037151847
127,Clark,Deeman,cdeeman3i@wunderground.com,Male,06925 Bluestem Alley,China,Macedonian,Professor,jcb,3589271974454936
128,Kanya,Brewer,kbrewer3j@si.edu,Female,12361 Old Gate Circle,China,Oriya,Senior Cost Accountant,visa-electron,4175001789321287
129,Kristal,Kirkham,kkirkham3k@cocolog-nifty.com,Female,86172 Annamark Plaza,Canada,Quechua,Technical Writer,visa-electron,4913441874001070
130,Tadd,Rubenchik,trubenchik3l@bravesites.com,Male,18547 Donald Avenue,China,Dhivehi,Actuary,visa,4017956244875
131,Yancey,Rama,yrama3m@paginegialle.it,Male,6 Melby Alley,Canada,Azeri,Account Representative III,visa-electron,4913746808027466
132,Harrie,Poter,hpoter3n@marriott.com,Female,94 Nevada Point,China,Kannada,Administrative Assistant IV,americanexpress,374283907378210
133,Gabriel,Kirby,gkirby3o@digg.com,Female,586 Cascade Street,China,Tetum,Quality Engineer,maestro,6762148595014053
134,Rafaela,Rowena,rrowena3p@histats.com,Female,750 Ilene Way,China,Dzongkha,Structural Analysis Engineer,mastercard,5108752493029769
135,Eunice,McCool,emccool3q@ameblo.jp,Female,9174 Mifflin Drive,China,Kyrgyz,Professor,jcb,3543578642327806
136,Gauthier,Vannuccinii,gvannuccinii3r@hhs.gov,Male,92909 Fairview Trail,China,Yiddish,Office Assistant I,china-unionpay,56100026997365099
137,Ardath,Cicco,acicco3s@hp.com,Female,82237 Ilene Pass,United States,Maltese,Clinical Specialist,jcb,3578072214821758
138,Selma,Cordobes,scordobes3t@reference.com,Female,9 Jackson Lane,China,Malagasy,Nurse,jcb,3579098388474842
139,Paquito,Eldridge,peldridge3u@ezinearticles.com,Male,0889 Sachtjen Street,China,Swedish,Programmer Analyst IV,visa-electron,4913690164306694
140,Sawyere,Larman,slarman3v@cafepress.com,Male,47595 Hayes Place,China,Luxembourgish,Information Systems Manager,americanexpress,374283325130102
141,Lucais,McManus,lmcmanus3w@elpais.com,Male,729 Moland Plaza,China,English,Sales Representative,jcb,3550227922654741
142,Allistir,McCluin,amccluin3x@altervista.org,Male,5215 Luster Crossing,China,Gagauz,Developer I,americanexpress,374622448742550
143,Iago,Franey,ifraney3y@indiegogo.com,Male,7 Sachs Road,China,Kyrgyz,GIS Technical Architect,mastercard,5048374928583741
144,Faye,Richfield,frichfield3z@prweb.com,Female,77 Acker Hill,China,Ndebele,Web Developer III,china-unionpay,56022404383023538
145,Ilyssa,Lawton,ilawton40@photobucket.com,Female,27 Ridge Oak Hill,China,Korean,Accountant III,jcb,3552788950553616
146,Fidelio,Bilofsky,fbilofsky41@toplist.cz,Male,27 Stephen Park,China,Khmer,Nuclear Power Engineer,mastercard,5176957118085602
147,Zebedee,Pybworth,zpybworth42@newsvine.com,Male,9100 Northport Avenue,China,Marathi,Technical Writer,diners-club-enroute,201847271707953
148,Abram,Bartolic,abartolic43@hud.gov,Male,767 Lakewood Gardens Trail,China,Guaraní,Geologist III,visa-electron,4026927443844416
149,Alyson,Wybron,awybron44@hhs.gov,Female,02 Anhalt Hill,China,Kyrgyz,Staff Accountant III,jcb,3539945927920207
150,Ronni,Godfree,rgodfree45@rakuten.co.jp,Female,2988 High Crossing Junction,China,Swedish,Automation Specialist IV,jcb,3547869967986979
151,Abey,Ackermann,aackermann46@ameblo.jp,Male,1 Thierer Park,China,Gujarati,Structural Analysis Engineer,visa-electron,4026056012542985
152,Martie,Stygall,mstygall47@is.gd,Female,7 Onsgard Place,China,Bengali,General Manager,diners-club-enroute,201934320048801
153,Daveta,Barnwill,dbarnwill48@zdnet.com,Female,75 Bunker Hill Avenue,China,French,Web Designer IV,jcb,3589625859640978
154,Gail,Stickney,gstickney49@google.nl,Female,69 Mayer Center,United States,Italian,Analyst Programmer,jcb,3587022393658454
155,Tabina,Seiffert,tseiffert4a@clickbank.net,Female,7357 Mcguire Avenue,China,Spanish,Editor,jcb,3583500753883097
156,Andra,Colegate,acolegate4b@slate.com,Female,3 Westport Drive,United States,Nepali,Environmental Tech,visa-electron,4508101138541557
157,Parke,Rameaux,prameaux4c@sakura.ne.jp,Male,3352 Forster Court,China,Zulu,Pharmacist,jcb,3551957948560956
158,Kippar,Oleksinski,koleksinski4d@kickstarter.com,Male,70909 Farwell Circle,China,Yiddish,Automation Specialist IV,jcb,3556900416708587
159,Kerwinn,Milan,kmilan4e@tripod.com,Male,3905 Dexter Trail,China,Romanian,Senior Developer,solo,6767618985632940320
160,Vito,Yukhnev,vyukhnev4f@bandcamp.com,Male,256 Rigney Alley,China,German,Physical Therapy Assistant,jcb,3581030770686366
161,Lauri,Mulder,lmulder4g@disqus.com,Female,230 Stuart Drive,Canada,Afrikaans,Office Assistant IV,jcb,3569895092089408
162,Garreth,Commuzzo,gcommuzzo4h@theatlantic.com,Male,508 Esker Avenue,China,Fijian,Executive Secretary,jcb,3586224905081479
163,Eugen,Simion,esimion4i@twitter.com,Male,56 Mallory Plaza,China,Dutch,Recruiting Manager,jcb,3579601444707293
164,Norton,Seedull,nseedull4j@360.cn,Male,399 Annamark Road,China,Italian,Legal Assistant,mastercard,5100142303897548
165,Augustine,Lillicrop,alillicrop4k@symantec.com,Male,13 Algoma Trail,China,Yiddish,Technical Writer,laser,6304446826007549
166,Averil,Napleton,anapleton4l@amazonaws.com,Male,71169 Scott Plaza,China,Sotho,Research Assistant IV,jcb,3588766643081151
167,Cy,Sugar,csugar4m@nymag.com,Male,40 Ilene Terrace,China,Estonian,Database Administrator II,maestro,5038109881826011809
168,Sayre,Hurworth,shurworth4n@shop-pro.jp,Female,779 Elka Parkway,China,Hindi,Food Chemist,jcb,3551146273080653
169,Theodora,Matchett,tmatchett4o@tamu.edu,Female,58379 Michigan Lane,China,Quechua,Teacher,mastercard,5007665257119042
170,Marleen,Loadman,mloadman4p@washington.edu,Female,2 Crownhardt Way,China,Italian,Research Associate,jcb,3540560719172904
171,Costa,Andress,candress4q@sciencedaily.com,Male,7 Truax Center,China,Korean,Teacher,jcb,3582763442358282
172,Willy,Primmer,wprimmer4r@ustream.tv,Male,37 Farmco Plaza,China,Swedish,Clinical Specialist,china-unionpay,560224032155072164
173,Emera,Glowacz,eglowacz4s@smugmug.com,Female,4706 Sycamore Crossing,China,Indonesian,Compensation Analyst,maestro,5893988885913449586
174,Quintilla,Bondley,qbondley4t@scribd.com,Female,5775 Summit Road,China,Amharic,Internal Auditor,jcb,3536346877891972
175,Gannon,Cornbell,gcornbell4u@zdnet.com,Male,4 Ridge Oak Point,China,New Zealand Sign Language,Occupational Therapist,visa-electron,4175009646704751
176,Dwight,Vautier,dvautier4v@boston.com,Male,314 Hollow Ridge Plaza,China,Kazakh,Quality Engineer,jcb,3576528057474619
177,Elvira,Botton,ebotton4w@yahoo.com,Female,0 Dahle Lane,China,Māori,Systems Administrator I,bankcard,5610302442276037
178,Sherrie,Frankum,sfrankum4x@discovery.com,Female,12550 Commercial Parkway,China,Afrikaans,Project Manager,jcb,3577151762347837
179,Nicki,Verna,nverna4y@nature.com,Female,71714 Cody Hill,China,Tok Pisin,Health Coach II,jcb,3529381154514384
180,Bobbe,Ellsom,bellsom4z@goo.gl,Female,84049 Novick Drive,China,Mongolian,GIS Technical Architect,switch,4905591351057555
181,Paulie,Iacoboni,piacoboni50@admin.ch,Male,9282 East Center,China,Swahili,Civil Engineer,diners-club-enroute,201669526160709
182,Petrina,Ariss,pariss51@ycombinator.com,Female,176 Lerdahl Parkway,China,Hebrew,Clinical Specialist,diners-club-us-ca,5425274438147909
183,Jere,Sargant,jsargant52@google.it,Female,715 Logan Place,China,Moldovan,Actuary,visa,4041596005318118
184,Berke,Conkey,bconkey53@blogs.com,Male,2 Dixon Center,China,Maltese,Paralegal,jcb,3567272241368939
185,Benjamen,MacAleese,bmacaleese54@whitehouse.gov,Male,4 Claremont Lane,China,Kashmiri,Financial Advisor,instapayment,6378750399112730
186,Selinda,Lafay,slafay55@bluehost.com,Female,75031 Old Gate Park,China,Swati,Administrative Officer,visa-electron,4508497553644797
187,Marie-jeanne,Caughtry,mcaughtry56@psu.edu,Female,24 Mariners Cove Junction,China,Fijian,Office Assistant I,jcb,3542134852229687
188,Harrie,Kabsch,hkabsch57@nifty.com,Female,83 Carioca Road,United States,Macedonian,Financial Advisor,visa,4041597735695
189,Wood,Sofe,wsofe58@sourceforge.net,Male,46 Anhalt Hill,China,Finnish,Structural Analysis Engineer,jcb,3577400239851511
190,Jonell,Shorthill,jshorthill59@apple.com,Female,794 Gale Junction,China,Fijian,Software Engineer III,mastercard,5107922835046877
191,Serena,Loveredge,sloveredge5a@hostgator.com,Female,29123 Continental Crossing,China,Tetum,Web Developer III,mastercard,5007667691347718
192,Teena,Deesly,tdeesly5b@time.com,Female,7 Hagan Circle,United States,Polish,Programmer I,bankcard,5602241027484022
193,Felice,Hilhouse,fhilhouse5c@dailymail.co.uk,Female,96 Mendota Trail,China,Fijian,Registered Nurse,switch,6333360094121772
194,Freddy,Pauli,fpauli5d@utexas.edu,Male,056 Leroy Place,China,Tsonga,Social Worker,jcb,3546440491022722
195,Darline,Yushachkov,dyushachkov5e@blog.com,Female,852 Monterey Lane,China,Māori,Human Resources Manager,jcb,3551320705364650
196,Kellsie,Maud,kmaud5f@woothemes.com,Female,584 Sunnyside Drive,China,Marathi,Software Consultant,maestro,50185997910804623
197,Fifine,Lyal,flyal5g@freewebs.com,Female,89590 Delaware Trail,China,Hiri Motu,Teacher,jcb,3532823056995059
198,Humphrey,Pincked,hpincked5h@tripod.com,Male,38 Arizona Lane,China,New Zealand Sign Language,Financial Advisor,jcb,3531523219814855
199,Pearla,Sample,psample5i@nydailynews.com,Female,05205 Northwestern Circle,China,Polish,Developer III,jcb,3589867793615258
200,Amabelle,Tillot,atillot5j@t.co,Female,95756 Little Fleur Parkway,China,Belarusian,Senior Quality Engineer,jcb,3534039944895132
201,Gene,Wixey,gwixey5k@lycos.com,Female,62 Maple Wood Hill,China,Kyrgyz,Structural Analysis Engineer,jcb,3560860101514415
202,Giraud,Friel,gfriel5l@forbes.com,Male,7917 Veith Center,China,Bengali,Geologist II,bankcard,5602214404981365
203,Whitby,Hoyland,whoyland5m@symantec.com,Male,98018 Merchant Junction,China,Italian,Help Desk Technician,switch,564182739536696048
204,Caldwell,Dennett,cdennett5n@cpanel.net,Male,3444 Walton Center,China,Burmese,Registered Nurse,maestro,060469606438118434
205,Roderigo,Fitzsimons,rfitzsimons5o@prweb.com,Male,167 Northland Way,China,Afrikaans,GIS Technical Architect,jcb,3533820084008706
206,Francis,Geaves,fgeaves5p@harvard.edu,Male,1962 Mitchell Park,China,Moldovan,Teacher,visa,4041597808119562
207,Eddy,Aynscombe,eaynscombe5q@discovery.com,Male,5981 Northridge Center,China,Haitian Creole,Internal Auditor,switch,5641823409245932
208,Pru,Raynham,praynham5r@sakura.ne.jp,Female,92 Park Meadow Plaza,China,Kazakh,Environmental Specialist,jcb,3553127478741925
209,Gunar,Messitt,gmessitt5s@furl.net,Male,51145 Shasta Crossing,China,Dhivehi,Teacher,jcb,3555301125570023
210,Emmy,Mitro,emitro5t@cmu.edu,Male,2428 Harper Court,China,Norwegian,Programmer Analyst II,switch,4903359718463371307
211,Marlyn,Persian,mpersian5u@seesaa.net,Female,4 Pleasure Street,United States,Greek,Programmer Analyst I,jcb,3551014481083200
212,Terrence,Patrie,tpatrie5v@paypal.com,Male,02 Bluestem Plaza,China,Moldovan,Teacher,jcb,3582864590248703
213,Kimberlyn,Heikkinen,kheikkinen5w@networkadvertising.org,Female,7 Dorton Park,China,Irish Gaelic,Marketing Assistant,switch,6333797868388683
214,Gisele,Causer,gcauser5x@clickbank.net,Female,69616 Wayridge Junction,China,Albanian,Accountant II,switch,4905789224041404848
215,Glynnis,Sabates,gsabates5y@foxnews.com,Female,3 Becker Plaza,China,Tajik,Engineer II,jcb,3575592481816440
216,Pren,Megroff,pmegroff5z@weather.com,Male,6839 Morrow Plaza,United States,Bislama,VP Marketing,jcb,3534895238361598
217,Rudolfo,Halt,rhalt60@squidoo.com,Male,96 Knutson Court,China,Yiddish,Web Designer III,diners-club-carte-blanche,30406233490997
218,Feodor,Barrington,fbarrington61@springer.com,Male,06 Ramsey Alley,China,Kurdish,GIS Technical Architect,maestro,06047678675966357
219,Ignace,Crocroft,icrocroft62@seattletimes.com,Male,3 Randy Way,China,Khmer,Desktop Support Technician,jcb,3582742372354081
220,Verne,Brigham,vbrigham63@vkontakte.ru,Male,64 Vermont Parkway,China,Oriya,Research Nurse,jcb,3574197586527925
221,Shanda,Peerman,speerman64@opensource.org,Female,0 Transport Drive,China,Tok Pisin,Budget/Accounting Analyst IV,jcb,3560597991483703
222,Jenna,Bosher,jbosher65@nifty.com,Female,11 Helena Center,China,Greek,Cost Accountant,china-unionpay,5610900460187141
223,Melinda,Simmonds,msimmonds66@vistaprint.com,Female,506 Larry Parkway,China,Punjabi,GIS Technical Architect,maestro,5893526569860565
224,Darius,Jiroutka,djiroutka67@smugmug.com,Male,1 Summerview Terrace,China,Guaraní,Geologist IV,jcb,3546840010319444
225,Romonda,Itzcak,ritzcak68@independent.co.uk,Female,637 Burrows Center,China,Lao,Software Consultant,mastercard,5100148866531267
226,Mark,Borland,mborland69@prlog.org,Male,350 Burning Wood Point,China,Estonian,Design Engineer,jcb,3567606506212573
227,Annabela,Cohane,acohane6a@redcross.org,Female,85554 Mifflin Hill,United States,Bosnian,Web Developer I,maestro,503867630855899356
228,Maynord,Beaufoy,mbeaufoy6b@1688.com,Male,0 Barnett Terrace,China,Dhivehi,Research Assistant III,jcb,3536197363823114
229,Maris,Retter,mretter6c@hostgator.com,Female,679 Morning Drive,China,Luxembourgish,Office Assistant I,laser,630494440874658839
230,Zabrina,Elmar,zelmar6d@hubpages.com,Female,8 Fulton Drive,China,Kannada,Assistant Manager,jcb,3550503117996265
231,Brnaba,Blackwell,bblackwell6e@shutterfly.com,Male,3 Larry Circle,China,Malagasy,Environmental Tech,visa,4017957006745
232,Hillie,Van Der Weedenburg,hvanderweedenburg6f@harvard.edu,Male,8093 Schiller Street,United States,Tok Pisin,Food Chemist,diners-club-carte-blanche,30257036301596
233,Sella,Rabbitt,srabbitt6g@indiatimes.com,Female,163 Warbler Pass,China,Tsonga,Registered Nurse,americanexpress,374622762351632
234,Johnnie,Victoria,jvictoria6h@printfriendly.com,Male,65276 Barby Crossing,China,Amharic,Occupational Therapist,jcb,3571523773733005
235,Reese,Cicccitti,rcicccitti6i@digg.com,Male,5478 8th Point,United States,Tetum,Analyst Programmer,jcb,3583371717482685
236,Kelby,Westraw,kwestraw6j@mediafire.com,Male,24 Rigney Alley,China,Azeri,Office Assistant IV,diners-club-enroute,201791798104700
237,Idelle,McKeggie,imckeggie6k@aboutads.info,Female,55482 Debs Circle,China,Zulu,Programmer I,jcb,3538957249842432
238,Bancroft,Seldon,bseldon6l@engadget.com,Male,2991 Burning Wood Circle,China,Norwegian,Social Worker,mastercard,5007669826890273
239,Maybelle,Sutcliffe,msutcliffe6m@wikispaces.com,Female,645 Northport Road,China,Lithuanian,Social Worker,diners-club-enroute,201917348734908
240,Emory,Gonzalvo,egonzalvo6n@opera.com,Male,125 Clove Trail,China,Zulu,Biostatistician III,diners-club-carte-blanche,30594912555428
241,Jarrett,Costerd,jcosterd6o@icio.us,Male,53 Lakewood Gardens Crossing,China,Marathi,Project Manager,maestro,676312539429507772
242,Billie,Calan,bcalan6p@tinypic.com,Female,3581 6th Terrace,China,Gagauz,Human Resources Manager,diners-club-carte-blanche,30561059154323
243,Blythe,Schwant,bschwant6q@51.la,Female,161 Ridge Oak Court,Canada,Portuguese,Desktop Support Technician,jcb,3568810704239318
244,Hammad,Mathet,hmathet6r@msu.edu,Male,60 Harbort Court,China,Arabic,Programmer II,jcb,3546357395051070
245,Wynny,Kobu,wkobu6s@usda.gov,Female,1 Pond Pass,China,Amharic,Financial Advisor,diners-club-carte-blanche,30262116737958
246,Barry,Kilrow,bkilrow6t@youtu.be,Male,222 Norway Maple Alley,China,Haitian Creole,Developer II,mastercard,5507681255914818
247,Davidde,Hegges,dhegges6u@npr.org,Male,604 Forest Run Park,China,Spanish,Quality Engineer,jcb,3534983904153042
248,Jolee,Saenz,jsaenz6v@fastcompany.com,Female,8 Tennyson Hill,United States,Maltese,Junior Executive,bankcard,5602255411968333
249,Gilberto,Nancarrow,gnancarrow6w@psu.edu,Male,4 Donald Junction,China,Swedish,Budget/Accounting Analyst II,switch,6331101217816295027
250,Natalya,Ollivier,nollivier6x@acquirethisname.com,Female,727 Granby Avenue,China,Punjabi,VP Sales,china-unionpay,56022574670820109
251,Elysha,Kubica,ekubica6y@indiegogo.com,Female,78654 Swallow Road,China,Kyrgyz,Accountant IV,jcb,3586022718877673
252,Bernice,Dupree,bdupree6z@github.io,Female,776 Larry Street,China,Dutch,Software Consultant,diners-club-us-ca,5546374245809768
253,Jamie,Kyllford,jkyllford70@tripadvisor.com,Male,71 Towne Trail,China,Latvian,Executive Secretary,jcb,3537339381192879
254,Graig,Heamus,gheamus71@hugedomains.com,Male,05 Dottie Park,China,Maltese,Accounting Assistant III,jcb,3537202238944696
255,Michele,Land,mland72@simplemachines.org,Male,6 Esch Road,China,Tajik,Safety Technician I,visa-electron,4917800052009237
256,Gerry,Brislan,gbrislan73@nytimes.com,Male,0 Iowa Point,China,Norwegian,Research Nurse,jcb,3559792562796442
257,Sheffie,Pedrol,spedrol74@google.com,Male,6236 Graedel Park,China,Italian,Chemical Engineer,bankcard,5602242847104089
258,Celestyn,Burgh,cburgh75@tmall.com,Female,33 Kim Pass,United States,Chinese,Internal Auditor,mastercard,5599184139860371
259,Lilly,Broderick,lbroderick76@pcworld.com,Female,94407 Rowland Place,China,Macedonian,Civil Engineer,bankcard,5602222404722747
260,Danette,Stode,dstode77@yandex.ru,Female,8 Anzinger Alley,China,Aymara,VP Sales,diners-club-enroute,201403617241313
261,Fairleigh,Stairs,fstairs78@amazon.co.uk,Male,07 Shopko Parkway,United States,Kurdish,Statistician II,china-unionpay,56022485737923812
262,Forrester,Kierans,fkierans79@github.com,Male,347 Anniversary Road,China,Punjabi,Assistant Professor,visa-electron,4405964448574673
263,Carlita,Noell,cnoell7a@tamu.edu,Female,45 Claremont Hill,China,Yiddish,Information Systems Manager,jcb,3584215297880447
264,Gardner,Demchen,gdemchen7b@desdev.cn,Male,325 Hanover Park,China,New Zealand Sign Language,Software Consultant,switch,564182282569025348
265,Alastair,Perry,aperry7c@adobe.com,Male,59 Waywood Court,China,Hindi,Mechanical Systems Engineer,jcb,3578704842633979
266,Errick,Behrendsen,ebehrendsen7d@toplist.cz,Male,90534 Mesta Place,China,Hiri Motu,Sales Representative,visa-electron,4026085731835420
267,Bethany,Sinney,bsinney7e@harvard.edu,Female,03 Forster Court,China,Telugu,Systems Administrator III,visa-electron,4026318652602101
268,Orlando,Clulee,oclulee7f@i2i.jp,Male,7 Roxbury Plaza,China,Dzongkha,Financial Advisor,mastercard,5108757147098771
269,Kareem,Housam,khousam7g@shutterfly.com,Male,459 Longview Center,China,Japanese,Cost Accountant,mastercard,5002351822446005
270,Jerrilyn,Burtenshaw,jburtenshaw7h@mashable.com,Female,00645 Golf View Crossing,China,Croatian,Help Desk Technician,jcb,3574567772480693
271,Regan,Tuny,rtuny7i@ucoz.com,Male,901 Evergreen Drive,United States,Kannada,Senior Editor,jcb,3580564182590221
272,Hewet,Lingwood,hlingwood7j@amazonaws.com,Male,24528 Park Meadow Center,Canada,Swedish,Health Coach I,instapayment,6392905296531877
273,Carroll,Chaundy,cchaundy7k@vinaora.com,Male,4360 Dahle Hill,China,Spanish,Recruiting Manager,jcb,3587494594630824
274,Huey,Skene,hskene7l@seattletimes.com,Male,5 Donald Crossing,United States,Greek,Senior Quality Engineer,switch,5641829938759639988
275,Nariko,Faulds,nfaulds7m@posterous.com,Female,52 Crowley Terrace,China,Fijian,Environmental Tech,jcb,3531185427912432
276,Odette,Benzie,obenzie7n@smugmug.com,Female,750 Graceland Terrace,China,Mongolian,Professor,bankcard,5610566763640175
277,Guido,McSharry,gmcsharry7o@shareasale.com,Male,9 Reindahl Drive,China,Hiri Motu,VP Quality Control,switch,6333269283854509442
278,Vite,Bonwick,vbonwick7p@godaddy.com,Male,5 Laurel Place,China,Persian,Database Administrator IV,jcb,3555012281492635
279,Troy,Izak,tizak7q@51.la,Male,13 Sunbrook Way,Canada,Kyrgyz,Staff Accountant II,diners-club-carte-blanche,30025379364533
280,Stefanie,Lantry,slantry7r@china.com.cn,Female,8809 David Way,China,Mongolian,Environmental Specialist,solo,6767883210581194
281,Riccardo,Lambillion,rlambillion7s@amazon.co.uk,Male,9972 Kings Center,China,Oriya,Help Desk Technician,instapayment,6397341526100041
282,Lenard,Shimony,lshimony7t@spiegel.de,Male,269 Lighthouse Bay Hill,China,Tok Pisin,Assistant Professor,jcb,3578040254690607
283,Wells,Brigstock,wbrigstock7u@blogger.com,Male,296 Commercial Crossing,China,Greek,Internal Auditor,visa-electron,4917732161754611
284,Wit,Tiffney,wtiffney7v@disqus.com,Male,4643 Golden Leaf Crossing,China,Guaraní,VP Accounting,americanexpress,337941789497368
285,Merrel,Woolfitt,mwoolfitt7w@hexun.com,Male,7648 Fairview Road,China,Marathi,VP Marketing,jcb,3564344306393673
286,Bradney,Christer,bchrister7x@discuz.net,Male,97 Dixon Road,China,Irish Gaelic,Executive Secretary,visa,4041371428530792
287,Godfrey,Manser,gmanser7y@twitpic.com,Male,1 Barby Court,China,Malayalam,Senior Financial Analyst,maestro,501809880887967607
288,Thomasine,Atwill,tatwill7z@toplist.cz,Female,1 Bay Place,China,Kannada,Editor,china-unionpay,5602217448276726
289,Skylar,Nassey,snassey80@noaa.gov,Male,1863 Drewry Terrace,China,Tsonga,Sales Representative,switch,6333330641533972643
290,Quillan,Reef,qreef81@youtube.com,Male,3 Grim Park,United States,Mongolian,Chief Design Engineer,diners-club-carte-blanche,30211554022340
291,Issi,Duns,iduns82@constantcontact.com,Female,18 Anthes Court,United States,Telugu,Project Manager,visa-electron,4913472672006169
292,Allin,Dallander,adallander83@addthis.com,Male,75461 Quincy Avenue,Canada,Arabic,Senior Developer,visa-electron,4026055662260229
293,Babbie,Reven,breven84@canalblog.com,Female,370 New Castle Crossing,Canada,Belarusian,Financial Advisor,jcb,3561641082866472
294,Galina,Marchington,gmarchington85@unesco.org,Female,2217 Grim Park,China,Persian,Analog Circuit Design manager,visa,4041379538614
295,Stillmann,Gratland,sgratland86@vk.com,Male,9 Laurel Junction,China,Swedish,Editor,diners-club-enroute,201631912533717
296,Gerhardine,Haug,ghaug87@usa.gov,Female,08191 East Avenue,China,Azeri,Social Worker,visa-electron,4913238153461342
297,Lorenza,Flack,lflack88@mashable.com,Female,6 Donald Road,China,Korean,Research Nurse,switch,633110634421429748
298,Chevalier,Gurr,cgurr89@a8.net,Male,780 Russell Place,China,Bislama,Staff Accountant I,visa,4017956144349
299,Rodd,O' Finan,rofinan8a@sphinn.com,Male,96153 Dakota Park,China,Zulu,Compensation Analyst,instapayment,6380153739503658
300,Angelia,Hagger,ahagger8b@dmoz.org,Female,911 Di Loreto Trail,China,Tamil,Budget/Accounting Analyst IV,jcb,3547101177964681
301,Gwenneth,Melesk,gmelesk8c@ucla.edu,Female,08252 La Follette Trail,China,German,Accountant I,jcb,3559614894625588
302,Florian,Ambrogetti,fambrogetti8d@barnesandnoble.com,Male,4643 Graedel Hill,China,Georgian,Assistant Media Planner,jcb,3536475849784724
303,Pamella,McLanachan,pmclanachan8e@businessinsider.com,Female,7687 Dryden Park,China,Kashmiri,Electrical Engineer,jcb,3572357609335431
304,Aluino,Kitchener,akitchener8f@php.net,Male,38 South Pass,China,West Frisian,Technical Writer,diners-club-enroute,201897071986737
305,Arley,Earthfield,aearthfield8g@list-manage.com,Male,024 Evergreen Park,China,Dari,Design Engineer,maestro,6762872244548134
306,Concordia,Shaughnessy,cshaughnessy8h@theguardian.com,Female,1 Stone Corner Way,China,Tajik,Junior Executive,jcb,3546627625717272
307,Eden,Gotecliffe,egotecliffe8i@springer.com,Female,603 Northridge Junction,United States,Korean,Information Systems Manager,mastercard,5255519318948403
308,Davey,Piddle,dpiddle8j@discovery.com,Male,4 Dapin Pass,China,Burmese,Mechanical Systems Engineer,jcb,3548668227891204
309,Sybil,Riepl,sriepl8k@photobucket.com,Female,93 David Center,China,Sotho,Civil Engineer,jcb,3555068605338268
310,Samuele,Yanshin,syanshin8l@pen.io,Male,19466 Petterle Hill,China,Bislama,Assistant Manager,visa-electron,4913460407423460
311,Cheston,Teodori,cteodori8m@icq.com,Male,3 Boyd Road,China,Mongolian,Tax Accountant,bankcard,5602211817242211
312,Gusti,Franklyn,gfranklyn8n@1und1.de,Female,50 Loftsgordon Hill,Canada,Danish,VP Product Management,visa-electron,4175009949964888
313,Ronalda,Ruffle,rruffle8o@apache.org,Female,6555 American Ash Place,China,Italian,Project Manager,jcb,3567696850387220
314,Bernardine,Astlet,bastlet8p@netvibes.com,Female,56269 Hagan Road,China,Assamese,Senior Quality Engineer,mastercard,5002359023830497
315,Renate,Simnor,rsimnor8q@google.fr,Female,72 Esch Crossing,China,Danish,Accountant I,switch,4903010535469658615
316,Mame,Kees,mkees8r@quantcast.com,Female,93928 Fisk Point,China,Zulu,Internal Auditor,visa-electron,4917913635219361
317,Radcliffe,Robion,rrobion8s@soundcloud.com,Male,51142 Kenwood Road,China,West Frisian,Programmer IV,jcb,3588992535771135
318,Delores,Thormann,dthormann8t@netscape.com,Female,823 Springs Trail,China,Croatian,Nuclear Power Engineer,jcb,3553818847596681
319,Angie,Hinkens,ahinkens8u@163.com,Male,7343 Roth Hill,China,Oriya,Design Engineer,laser,670982414875750387
320,Jehu,Piggott,jpiggott8v@linkedin.com,Male,70987 Dovetail Drive,United States,Polish,Project Manager,diners-club-carte-blanche,30229573101630
321,Had,Carvill,hcarvill8w@bluehost.com,Male,987 Sachs Way,China,Bengali,General Manager,visa-electron,4917473401181691
322,Brooks,Mayoral,bmayoral8x@wikimedia.org,Female,16 Arkansas Center,China,Nepali,Programmer Analyst II,visa-electron,4405177676957052
323,Wandie,Heynen,wheynen8y@answers.com,Female,23649 Starling Road,China,Indonesian,Biostatistician IV,diners-club-enroute,201648536112942
324,Enrichetta,MacCague,emaccague8z@furl.net,Female,28 Melody Crossing,China,Māori,Assistant Professor,jcb,3551876403929243
325,Jodee,MacCracken,jmaccracken90@thetimes.co.uk,Female,26924 Schiller Way,China,Swedish,Executive Secretary,maestro,6763936770100310
326,Reinaldo,Briiginshaw,rbriiginshaw91@timesonline.co.uk,Male,431 Commercial Point,Canada,Dhivehi,Data Coordiator,laser,670642402916203401
327,Sibyl,Rampley,srampley92@jiathis.com,Female,97766 Hanson Center,China,Bulgarian,Programmer IV,bankcard,5610109331908699
328,Marla,Manssuer,mmanssuer93@uol.com.br,Female,433 Old Shore Street,China,Persian,Assistant Media Planner,visa-electron,4844596649624177
329,Clarance,Domenc,cdomenc94@businessinsider.com,Male,15 Rockefeller Trail,China,Latvian,Marketing Manager,visa,4041372955992520
330,Reinhold,Hallawell,rhallawell95@home.pl,Male,62 Sugar Place,China,Arabic,Nurse,visa-electron,4026562086623874
331,Hyacintha,Jadczak,hjadczak96@sciencedaily.com,Female,39219 Washington Place,China,Dutch,Systems Administrator IV,jcb,3534753034647621
332,Alberto,Twitching,atwitching97@dell.com,Male,820 Springview Junction,United States,Pashto,Senior Developer,mastercard,5007662709830797
333,Jinny,Willavize,jwillavize98@biglobe.ne.jp,Female,8015 Lunder Crossing,United States,Indonesian,Structural Analysis Engineer,diners-club-enroute,201438272023267
334,Analise,McGrady,amcgrady99@cisco.com,Female,51 Golf Court,China,Māori,Software Engineer IV,mastercard,5565771071334769
335,Romy,Domelaw,rdomelaw9a@pen.io,Female,5235 Hoepker Center,China,Swedish,Sales Associate,jcb,3580871117390092
336,Blayne,Dimmer,bdimmer9b@unblog.fr,Male,2238 Redwing Place,China,Somali,Senior Developer,switch,6331105695444400
337,Kittie,Bluck,kbluck9c@issuu.com,Female,7332 Katie Circle,China,Hiri Motu,Environmental Specialist,laser,630474126615964941
338,Koral,Dowgill,kdowgill9d@irs.gov,Female,1846 Valley Edge Crossing,China,Spanish,Accountant III,jcb,3547140652278035
339,Reeta,Snaddin,rsnaddin9e@webnode.com,Female,51665 Hallows Point,China,Bengali,Operator,jcb,3528048496389582
340,Sophia,Cyson,scyson9f@ow.ly,Female,6493 Schurz Lane,China,Luxembourgish,Health Coach II,diners-club-enroute,201905131205459
341,Clarance,Roos,croos9g@posterous.com,Male,6129 Sachs Crossing,United States,Assamese,Technical Writer,americanexpress,374622463237569
342,Ingeberg,Couroy,icouroy9h@engadget.com,Female,436 Bay Hill,China,Aymara,Paralegal,switch,6331104758938465
343,Jilleen,Sabben,jsabben9i@bigcartel.com,Female,11 Lighthouse Bay Circle,China,Tetum,Junior Executive,diners-club-enroute,201861198850390
344,Patty,Haycox,phaycox9j@wufoo.com,Male,85505 Emmet Alley,China,Assamese,Legal Assistant,laser,6771249487280338
345,Melli,Hollerin,mhollerin9k@quantcast.com,Female,26 Nova Street,China,Catalan,Financial Advisor,china-unionpay,5602246780925798
346,Viki,Rivelin,vrivelin9l@cmu.edu,Female,01 Roxbury Trail,United States,Punjabi,Payment Adjustment Coordinator,china-unionpay,56022380800118228
347,Joete,Wathan,jwathan9m@github.com,Female,89 Amoth Avenue,China,German,Mechanical Systems Engineer,jcb,3570475351987951
348,Gasparo,Benedicte,gbenedicte9n@infoseek.co.jp,Male,162 Surrey Trail,Canada,Icelandic,Graphic Designer,visa,4017956166058426
349,Ezechiel,January,ejanuary9o@e-recht24.de,Male,18 Milwaukee Park,United States,Filipino,Legal Assistant,jcb,3560695462945950
350,Mano,Duran,mduran9p@samsung.com,Male,7 Schlimgen Center,China,Albanian,Editor,americanexpress,337941409790077
351,Abramo,Martignon,amartignon9q@blogger.com,Male,29 Golf View Point,China,Swedish,Sales Associate,jcb,3564816772178712
352,Dagny,Berks,dberks9r@dailymotion.com,Male,4235 Cambridge Center,China,Tetum,Programmer III,jcb,3581680791997646
353,Carla,Shane,cshane9s@miitbeian.gov.cn,Female,51504 Donald Center,China,Dutch,Registered Nurse,americanexpress,374288237710594
354,Rubin,Winsor,rwinsor9t@vkontakte.ru,Male,6 Monterey Point,China,Quechua,Accountant IV,laser,6706575248968091104
355,Lyssa,Jirka,ljirka9u@goo.ne.jp,Female,4 Shasta Parkway,China,Irish Gaelic,Clinical Specialist,jcb,3539422708332911
356,Kristos,Argo,kargo9v@ebay.co.uk,Male,21 Fair Oaks Plaza,China,Georgian,Help Desk Operator,jcb,3561886821679286
357,Morie,Leverette,mleverette9w@ox.ac.uk,Male,9705 Victoria Place,China,Persian,Electrical Engineer,jcb,3553571225238513
358,Miguela,Bandiera,mbandiera9x@discuz.net,Female,05907 Jay Street,China,Zulu,Research Associate,jcb,3571775933472169
359,Ephrayim,Horbart,ehorbart9y@studiopress.com,Male,9 Carberry Pass,China,Dutch,Information Systems Manager,jcb,3570904102761274
360,Cyrillus,Panons,cpanons9z@cloudflare.com,Male,7052 Cody Point,China,Nepali,Desktop Support Technician,maestro,6759651593841349
361,Somerset,Wraight,swraighta0@omniture.com,Male,8 Norway Maple Street,China,Zulu,Developer III,visa-electron,4917530470999202
362,Napoleon,Marc,nmarca1@who.int,Male,5 Tennyson Park,China,Italian,Pharmacist,mastercard,5007662866849697
363,Margi,Prangle,mpranglea2@comcast.net,Female,62529 Armistice Court,China,Romanian,Statistician II,mastercard,5100135181297831
364,Aggi,Ogan,aogana3@merriam-webster.com,Female,53747 Susan Circle,China,Indonesian,Marketing Assistant,mastercard,5010126842077349
365,Wilhelmina,Cooke,wcookea4@elpais.com,Female,763 Green Ridge Plaza,United States,Malagasy,Software Consultant,jcb,3569088028330605
366,Red,Levins,rlevinsa5@domainmarket.com,Male,033 Prairie Rose Plaza,China,Guaraní,VP Marketing,instapayment,6392412622049047
367,Norrie,Sands-Allan,nsandsallana6@eepurl.com,Male,4292 Dunning Lane,China,German,GIS Technical Architect,jcb,3538866286954424
368,Alberto,Mosdell,amosdella7@fotki.com,Male,810 Killdeer Center,United States,Czech,VP Quality Control,jcb,3571261816154760
369,Avery,Ithell,aithella8@opensource.org,Male,8 Barby Court,Canada,Malay,Paralegal,maestro,503878709777433499
370,Filmore,Fahrenbach,ffahrenbacha9@barnesandnoble.com,Male,666 Weeping Birch Terrace,China,Estonian,Marketing Manager,mastercard,5503405458652312
371,Taddeusz,McComb,tmccombaa@cdc.gov,Male,2 Novick Crossing,Canada,Aymara,Environmental Tech,maestro,6761820887762851
372,Gerard,Crocombe,gcrocombeab@goodreads.com,Male,683 Independence Hill,China,Nepali,Internal Auditor,jcb,3568328106265781
373,Garey,Bapty,gbaptyac@ameblo.jp,Male,70067 Bunting Alley,United States,Ndebele,Clinical Specialist,jcb,3570208510932349
374,Lucius,Tweedy,ltweedyad@opensource.org,Male,887 Mesta Center,China,Sotho,Registered Nurse,jcb,3584967225905650
375,Bernelle,Kubas,bkubasae@wufoo.com,Female,8 Thackeray Hill,China,Khmer,Marketing Manager,jcb,3533926943506838
376,Alexander,Jolliffe,ajolliffeaf@reverbnation.com,Male,0918 Algoma Park,China,Tsonga,Health Coach III,visa,4017951877781515
377,Edmund,Savaage,esavaageag@lycos.com,Male,8416 Gale Road,China,West Frisian,Financial Analyst,jcb,3579733396563570
378,Taffy,Pounder,tpounderah@vk.com,Female,0 Haas Street,China,Indonesian,Recruiting Manager,diners-club-enroute,201973880821470
379,Goran,Glyn,gglynai@photobucket.com,Male,040 Maryland Way,China,Malayalam,Programmer Analyst III,americanexpress,379667539422492
380,Tanney,Snowsill,tsnowsillaj@1688.com,Male,19235 Dixon Circle,United States,Papiamento,Geological Engineer,switch,633336775347307696
381,Goraud,Roxburgh,groxburghak@ucoz.com,Male,2079 Bunting Plaza,China,Punjabi,Nurse,bankcard,5610658664412588
382,Bondie,Radwell,bradwellal@google.nl,Male,707 Heath Drive,China,Belarusian,Legal Assistant,laser,6771018477698060381
383,Ward,Domerq,wdomerqam@usda.gov,Male,169 Esker Court,China,Japanese,Account Executive,china-unionpay,5602232758516389
384,Dalis,Fifoot,dfifootan@cbslocal.com,Male,76 Moose Center,Canada,Persian,Help Desk Operator,visa,4017953061036359
385,Julian,Brisson,jbrissonao@oakley.com,Male,82 Harper Alley,China,Azeri,Editor,diners-club-carte-blanche,30204201950765
386,Fanechka,Crole,fcroleap@senate.gov,Female,384 Shoshone Park,China,Hebrew,Research Associate,switch,4911616212038833
387,Laure,Featherby,lfeatherbyaq@moonfruit.com,Female,335 David Crossing,China,Bulgarian,Mechanical Systems Engineer,bankcard,5602224238649823
388,Scottie,Kaasmann,skaasmannar@imdb.com,Male,04488 Northland Point,China,Swahili,Operator,diners-club-enroute,201407312795754
389,Charleen,Nelsey,cnelseyas@gravatar.com,Female,6 Ridgeview Place,China,Tswana,Chemical Engineer,americanexpress,374288901940857
390,Brendin,Durrans,bdurransat@arstechnica.com,Male,2588 Clemons Terrace,China,Icelandic,Software Consultant,jcb,3576856537170238
391,Steven,Lantry,slantryau@state.gov,Male,00 Erie Court,China,Mongolian,VP Product Management,switch,6759776494005767
392,Kimball,Munby,kmunbyav@livejournal.com,Male,610 Shopko Street,China,Māori,Executive Secretary,jcb,3559560468018181
393,Milzie,Egdal,megdalaw@gmpg.org,Female,191 Onsgard Road,China,Hindi,Assistant Manager,jcb,3563575383733478
394,Aleta,Whight,awhightax@elpais.com,Female,02212 Bluestem Park,China,Danish,Internal Auditor,jcb,3550715594954332
395,Sheppard,Handlin,shandlinay@bloglines.com,Male,2478 Upham Place,China,Lithuanian,Graphic Designer,china-unionpay,5602246407192145
396,Zaccaria,Giannazzi,zgiannazziaz@edublogs.org,Male,73 Surrey Point,China,Dutch,Geological Engineer,jcb,3589790925397126
397,Shantee,Khomin,skhominb0@myspace.com,Female,2 Logan Terrace,China,Hebrew,Computer Systems Analyst I,jcb,3538209415819731
398,Cord,Bleacher,cbleacherb1@jiathis.com,Male,337 Jenna Terrace,China,Tsonga,Physical Therapy Assistant,jcb,3549682742800524
399,Dallis,Kennelly,dkennellyb2@nih.gov,Male,604 Harper Court,China,Luxembourgish,Help Desk Technician,diners-club-carte-blanche,30133107154695
400,Waverly,Chattelaine,wchattelaineb3@deliciousdays.com,Male,864 Eastwood Place,China,Sotho,General Manager,visa-electron,4913832652939673
401,Ettore,Easeman,eeasemanb4@printfriendly.com,Male,371 American Drive,Canada,New Zealand Sign Language,Human Resources Manager,visa-electron,4175009664810209
402,Murvyn,Mouncher,mmouncherb5@cbsnews.com,Male,1 2nd Center,China,Croatian,Food Chemist,mastercard,5161660468136028
403,Alvis,Weepers,aweepersb6@mlb.com,Male,52 Northwestern Crossing,China,Montenegrin,Assistant Manager,jcb,3557606347625621
404,Brooks,Habbon,bhabbonb7@dagondesign.com,Male,9719 Leroy Junction,China,Hebrew,Environmental Tech,jcb,3547632298106562
405,Geraldine,Morhall,gmorhallb8@lycos.com,Female,6533 Becker Avenue,China,Persian,Director of Sales,visa,4041376370047471
406,Jeromy,Sleath,jsleathb9@acquirethisname.com,Male,400 Old Gate Point,China,Bosnian,GIS Technical Architect,visa-electron,4917743433296414
407,Elita,Dallinder,edallinderba@tripadvisor.com,Female,2 Center Alley,China,Gujarati,Food Chemist,china-unionpay,5610838056172178
408,Benn,Boustred,bboustredbb@cam.ac.uk,Male,700 Clarendon Center,China,Italian,Senior Editor,jcb,3589758505222246
409,Marika,Bramelt,mbrameltbc@usnews.com,Female,5735 Derek Parkway,United States,Polish,Environmental Specialist,switch,6759087775898012826
410,Shelley,Breed,sbreedbd@examiner.com,Female,51 Blue Bill Park Circle,United States,Bosnian,Financial Advisor,americanexpress,342915913608473
411,Aretha,Scotford,ascotfordbe@devhub.com,Female,23 Monica Place,China,Greek,Accountant II,mastercard,5007660061609023
412,Estell,Tennison,etennisonbf@yahoo.co.jp,Female,628 Bluestem Alley,China,Croatian,Civil Engineer,maestro,63040328815659870
413,Melania,Arblaster,marblasterbg@indiatimes.com,Female,566 Reindahl Street,Canada,Hiri Motu,Tax Accountant,jcb,3556871909193753
414,Abeu,MacCoughen,amaccoughenbh@phoca.cz,Male,96815 Union Circle,China,Afrikaans,Information Systems Manager,jcb,3533796908890067
415,Gwen,Zannelli,gzannellibi@cocolog-nifty.com,Female,6652 Bartelt Center,China,Icelandic,Data Coordiator,china-unionpay,5602247914426042
416,Louis,Flacknoe,lflacknoebj@sina.com.cn,Male,39107 Jana Trail,China,Dhivehi,VP Quality Control,bankcard,5602215072981074
417,Jocko,Rohlfing,jrohlfingbk@blogspot.com,Male,7422 Clyde Gallagher Center,Canada,Portuguese,Chemical Engineer,jcb,3587345073901823
418,Isobel,Glencrosche,iglencroschebl@who.int,Female,255 Beilfuss Lane,United States,Macedonian,Software Test Engineer II,jcb,3588877090776332
419,Mil,Chirm,mchirmbm@constantcontact.com,Female,17 Dwight Point,China,New Zealand Sign Language,Data Coordiator,visa,4041598408458
420,Lucias,Heber,lheberbn@tripod.com,Male,575 Columbus Terrace,China,Gagauz,Design Engineer,maestro,50387275874276674
421,Clem,Grahlman,cgrahlmanbo@patch.com,Female,061 Bultman Circle,China,Hindi,Pharmacist,mastercard,5173335690656681
422,Mara,Northidge,mnorthidgebp@discuz.net,Female,5845 Bartillon Street,United States,Spanish,Financial Analyst,china-unionpay,560221443283815247
423,Dorian,Coldbreath,dcoldbreathbq@home.pl,Female,588 Loftsgordon Junction,United States,Swati,Staff Accountant IV,visa-electron,4026384465608495
424,Debbi,Frankish,dfrankishbr@who.int,Female,74 Montana Street,China,Afrikaans,Food Chemist,jcb,3579628745857253
425,Ashley,Toffolini,atoffolinibs@youtu.be,Female,671 Prairieview Center,China,Tetum,General Manager,visa-electron,4405806997330140
426,Gertruda,McGrae,gmcgraebt@paypal.com,Female,219 Farmco Plaza,Canada,Kazakh,Account Coordinator,jcb,3540931563328456
427,Andris,Degoe,adegoebu@moonfruit.com,Male,805 Valley Edge Pass,China,Bislama,Staff Accountant I,jcb,3530471041836657
428,Alyce,Priddie,apriddiebv@usatoday.com,Female,662 Merchant Park,China,Dzongkha,Web Developer II,china-unionpay,5602243726572153034
429,Berrie,O'Crigane,bocriganebw@ebay.co.uk,Female,54 Gateway Way,China,Luxembourgish,Nuclear Power Engineer,diners-club-carte-blanche,30018471653044
430,Ivie,Shepeard,ishepeardbx@ox.ac.uk,Female,14054 Surrey Circle,China,Somali,VP Sales,diners-club-us-ca,5560872252970176
431,Giffy,Charles,gcharlesby@unicef.org,Male,19 Mosinee Crossing,China,Bulgarian,Clinical Specialist,instapayment,6381955232793332
432,Ranna,Aldcorn,raldcornbz@disqus.com,Female,8598 Lillian Circle,China,Guaraní,Environmental Specialist,china-unionpay,5602244384979600
433,Vince,Storms,vstormsc0@scribd.com,Male,46 Atwood Plaza,China,Norwegian,Office Assistant II,china-unionpay,5602228419258881222
434,Rabi,Skerme,rskermec1@sciencedaily.com,Male,0066 Vermont Point,China,Dari,Mechanical Systems Engineer,jcb,3533353640875566
435,Jacquetta,Ziemecki,jziemeckic2@printfriendly.com,Female,2 Mifflin Circle,China,Danish,Actuary,jcb,3539617886163406
436,Terrence,Quilter,tquilterc3@digg.com,Male,59 Buena Vista Circle,Canada,Chinese,Geological Engineer,mastercard,5100134869314042
437,Thornie,Barnwell,tbarnwellc4@army.mil,Male,41303 Harper Parkway,China,West Frisian,Mechanical Systems Engineer,jcb,3585449371945508
438,Willdon,Venditti,wvendittic5@vimeo.com,Male,91669 Welch Parkway,China,English,Account Representative II,visa,4445717015323938
439,Jennica,Boys,jboysc6@etsy.com,Female,33762 Rigney Pass,China,Norwegian,Financial Analyst,mastercard,5108757117524277
440,Catlin,Yearne,cyearnec7@rediff.com,Female,282 Anzinger Alley,China,Papiamento,Engineer II,jcb,3529322701285862
441,Abelard,Lowmass,alowmassc8@yahoo.com,Male,23 Killdeer Hill,China,Montenegrin,Account Executive,laser,6771508850936630
442,Freedman,Scotchmur,fscotchmurc9@cnbc.com,Male,754 Sachs Lane,China,Albanian,Media Manager III,maestro,6759279673756393065
443,Kenyon,Matyja,kmatyjaca@cargocollective.com,Male,6257 Karstens Drive,China,Czech,Computer Systems Analyst II,jcb,3567469229619420
444,Giuditta,Hewins,ghewinscb@google.fr,Female,55 Rusk Court,China,Bulgarian,Web Designer IV,diners-club-carte-blanche,30583793030312
445,Anette,Casemore,acasemorecc@fc2.com,Female,1905 Arapahoe Crossing,China,Burmese,Data Coordiator,diners-club-carte-blanche,30566680244096
446,Weidar,Glamart,wglamartcd@cbsnews.com,Male,8 Division Circle,China,Romanian,Data Coordiator,visa-electron,4026943553333306
447,Fred,Alben,falbence@who.int,Male,22599 Springs Street,China,Papiamento,Nurse,jcb,3557613765801932
448,Alexia,Slatford,aslatfordcf@reuters.com,Female,0451 Butterfield Point,China,Macedonian,Senior Cost Accountant,mastercard,5100137336773880
449,Genevra,Stamps,gstampscg@amazon.com,Female,91867 Northfield Junction,China,Assamese,Office Assistant IV,visa-electron,4405608298492078
450,Hercules,Garms,hgarmsch@dailymail.co.uk,Male,4 Sherman Circle,China,Swahili,Geological Engineer,jcb,3561256578171939
451,Amelie,Slym,aslymci@smh.com.au,Female,515 5th Parkway,China,Zulu,Safety Technician IV,diners-club-carte-blanche,30144597432970
452,Kipp,Harmour,kharmourcj@google.de,Male,7846 Northfield Point,China,Tajik,Editor,maestro,67636167445887712
453,Bud,Head,bheadck@delicious.com,Male,9 Cherokee Trail,China,Kyrgyz,Chief Design Engineer,diners-club-enroute,201614973121515
454,Dan,Gabitis,dgabitiscl@hc360.com,Male,0659 Pond Point,China,Arabic,Analog Circuit Design manager,visa-electron,4026645408697013
455,Bartlett,Firbanks,bfirbankscm@miibeian.gov.cn,Male,82127 Becker Circle,Canada,New Zealand Sign Language,Health Coach II,jcb,3580843399992515
456,Bess,Pratt,bprattcn@twitter.com,Female,62 Dayton Center,China,Fijian,Account Executive,jcb,3562814999398249
457,Gilles,Bulch,gbulchco@stanford.edu,Male,95516 Lawn Park,China,Amharic,Office Assistant I,diners-club-carte-blanche,30527917300853
458,Alleyn,Lamlin,alamlincp@fema.gov,Male,37472 International Park,China,Tswana,Nuclear Power Engineer,americanexpress,337941925041492
459,Venus,McNamee,vmcnameecq@scientificamerican.com,Female,63 Messerschmidt Street,China,Papiamento,Database Administrator IV,americanexpress,372301854094796
460,Issy,Kilborn,ikilborncr@slideshare.net,Female,3 Nova Place,China,Latvian,Accountant IV,americanexpress,374288084081941
461,Kristel,Farrears,kfarrearscs@yahoo.co.jp,Female,0 Trailsway Junction,China,Haitian Creole,Help Desk Operator,jcb,3573462467126028
462,Archambault,Radmore,aradmorect@fotki.com,Male,2322 Menomonie Junction,China,Romanian,Geologist I,mastercard,5100131650851901
463,Frances,Noorwood,fnoorwoodcu@unesco.org,Female,11218 Raven Lane,Canada,Norwegian,Teacher,jcb,3530093516309570
464,Mortimer,Abramski,mabramskicv@cnn.com,Male,49 Summit Circle,United States,Kurdish,Developer III,jcb,3582353753706673
465,Isahella,Lea,ileacw@bing.com,Female,72 Mallard Park,China,Gagauz,Recruiter,maestro,50387792871640298
466,Abby,Kemetz,akemetzcx@surveymonkey.com,Male,0497 Beilfuss Alley,United States,Lithuanian,Safety Technician IV,mastercard,5010121966237050
467,Isabel,Elegood,ielegoodcy@google.com.au,Female,3186 Marcy Junction,China,Finnish,Senior Quality Engineer,jcb,3571719425944699
468,Luke,Moukes,lmoukescz@wordpress.com,Male,139 Menomonie Parkway,United States,Belarusian,Environmental Specialist,bankcard,5602241702417404
469,Innis,Triplow,itriplowd0@gizmodo.com,Male,1 North Court,China,Croatian,Financial Advisor,jcb,3555491758863223
470,Egor,Henningham,ehenninghamd1@fema.gov,Male,80479 Del Sol Court,China,Kashmiri,Account Representative II,jcb,3577508451113319
471,Patrica,Beedham,pbeedhamd2@dell.com,Female,51310 Eggendart Avenue,China,New Zealand Sign Language,Media Manager IV,americanexpress,372301248868244
472,Rube,Wix,rwixd3@wired.com,Male,9 Judy Street,China,Macedonian,Office Assistant II,jcb,3548154291001467
473,Sylvia,Meysham,smeyshamd4@ehow.com,Female,799 Raven Drive,China,Hungarian,Nurse,mastercard,5100130405779722
474,Ado,Crips,acripsd5@moonfruit.com,Male,04 Artisan Way,China,Dhivehi,Occupational Therapist,jcb,3535463571851722
475,Reuben,Pavia,rpaviad6@deliciousdays.com,Male,29 Bobwhite Lane,United States,Ndebele,Business Systems Development Analyst,visa-electron,4917413912065827
476,Morrie,Shute,mshuted7@rakuten.co.jp,Male,115 Meadow Valley Road,China,Danish,Marketing Assistant,jcb,3549426706687653
477,Maxy,McPhelimy,mmcphelimyd8@loc.gov,Male,66729 Vermont Trail,China,Dzongkha,Pharmacist,visa-electron,4175008053759241
478,Nancie,Pacitti,npacittid9@facebook.com,Female,6629 Coleman Place,China,Greek,Librarian,laser,67060937434908744
479,Ximenes,Stathers,xstathersda@t-online.de,Male,7 High Crossing Place,United States,Korean,Tax Accountant,diners-club-carte-blanche,30143690169554
480,Kerry,Beslier,kbeslierdb@a8.net,Male,6 Welch Crossing,China,Gagauz,Automation Specialist III,jcb,3581661325101228
481,Wylie,Guarnier,wguarnierdc@foxnews.com,Male,7 Meadow Ridge Trail,China,Tamil,Safety Technician IV,jcb,3549511700483447
482,Bud,Scholling,bschollingdd@hao123.com,Male,6079 Maryland Court,China,Papiamento,Budget/Accounting Analyst II,diners-club-enroute,201425881359158
483,Alison,Collinson,acollinsonde@home.pl,Female,441 Warner Center,China,Lithuanian,Web Designer IV,jcb,3576360189825736
484,Bonnee,Pedley,bpedleydf@google.cn,Female,203 La Follette Pass,China,Hiri Motu,Graphic Designer,mastercard,5007660530711590
485,Lyn,Caughey,lcaugheydg@goo.gl,Male,925 Roth Park,China,Gagauz,Graphic Designer,jcb,3565038632502077
486,Abbe,Oppery,aopperydh@sourceforge.net,Male,929 Oak Valley Alley,China,West Frisian,Technical Writer,jcb,3534387063671382
487,Todd,Uman,tumandi@posterous.com,Male,506 Surrey Center,China,Malagasy,Graphic Designer,jcb,3559807560399740
488,Jeromy,Zanicchelli,jzanicchellidj@elegantthemes.com,Male,37107 Fallview Terrace,China,Haitian Creole,Software Engineer I,solo,6334386631379588463
489,Van,Paty,vpatydk@woothemes.com,Female,8467 John Wall Parkway,China,Swahili,Civil Engineer,mastercard,5228194595336070
490,Corine,Doul,cdouldl@parallels.com,Female,71 Butternut Crossing,China,Montenegrin,Community Outreach Specialist,jcb,3540696411150317
491,Jackquelin,Beames,jbeamesdm@bbb.org,Female,537 Riverside Trail,China,Hindi,Senior Editor,mastercard,5108751353967407
492,Michele,Childs,mchildsdn@liveinternet.ru,Female,5 Badeau Pass,China,Bengali,Computer Systems Analyst IV,solo,633458130507965465
493,Rem,Clemintoni,rclemintonido@a8.net,Male,02011 Muir Place,China,Italian,VP Sales,jcb,3584755453546688
494,Stanly,Seakes,sseakesdp@jugem.jp,Male,181 Heffernan Point,China,Swahili,Financial Advisor,jcb,3571277993492567
495,Glynda,Loker,glokerdq@amazon.co.uk,Female,01 Tomscot Drive,China,Tajik,Librarian,jcb,3532787219406082
496,Alva,Buyers,abuyersdr@washington.edu,Male,778 Grasskamp Terrace,United States,Hindi,Physical Therapy Assistant,jcb,3583006069190045
497,Aristotle,Delepine,adelepineds@simplemachines.org,Male,68 Novick Pass,China,Tamil,Operator,diners-club-enroute,201871524588820
498,Morgan,Fruchon,mfruchondt@wufoo.com,Male,1 Pleasure Parkway,United States,Tswana,Research Nurse,jcb,3584560043420646
499,Tatum,Caddan,tcaddandu@goodreads.com,Female,9 Brickson Park Junction,China,Punjabi,Financial Analyst,jcb,3560464124192554
500,Lamond,Siaskowski,lsiaskowskidv@nyu.edu,Male,9 Del Sol Point,China,Kannada,Developer I,switch,490555544220230519
